year,student,parent,total,parent_ratio
2020,1081,116,1197,9.690893901420218
2021,2098,171,2269,7.536359629792861
2022,2833,202,3035,6.655683690280066
2023,4697,353,5050,6.990099009900991
2024,3773,461,4234,10.88804912612187
