school,student,parent,total,parent_ratio
유치원,0,23,23,100.0
초등,493,211,704,29.97159090909091
중등,2350,153,2503,6.112664802237315
고등,880,62,942,6.581740976645436
특수,44,11,55,20.0
